,blast_id,user_id,date,video,sport,action_type,gender,equipment,thumb,handedness,is_air_swing,back_stroke_time,forward_stroke_time,total_stroke_time,tempo,impact_stroke_speed,back_stroke_length,loft_change,backstroke_rotation,forward_stroke_rotation,face_angle_at_impact,lie_change
0,69c7381e-7c66-4722-9cea-9e99054faef5,529228,"February 26, 2026 / 12:25pm",,golf,putt,other,Putter - Spider Tour Silver Dbl Bend,/img/metric-thumbs/thumb-golf-other-putt.png,,0,0.60,0.30,0.90,2.0,2.2,5.8,1.1,2.5,2.1,0.4,-1.1
1,70e00718-909a-44fa-bccd-703c0a916cae,529228,"February 26, 2026 / 12:24pm",,golf,putt,other,Putter - Spider Tour Silver Dbl Bend,/img/metric-thumbs/thumb-golf-other-putt.png,,0,0.55,0.30,0.85,1.9,2.5,6.2,1.3,2.5,2.3,0.2,-1.8
2,726b3c2a-295b-45f5-9fcc-08e289252919,529228,"February 26, 2026 / 12:24pm",,golf,putt,other,Putter - Spider Tour Silver Dbl Bend,/img/metric-thumbs/thumb-golf-other-putt.png,,0,0.58,0.31,0.89,1.9,2.4,6.0,1.5,2.8,2.3,0.5,-1.9
3,f4078e85-a535-4834-884a-c8873fd75edf,529228,"February 26, 2026 / 12:24pm",,golf,putt,other,Putter - Spider Tour Silver Dbl Bend,/img/metric-thumbs/thumb-golf-other-putt.png,,0,0.53,0.31,0.83,1.7,2.4,6.1,1.1,3.0,2.6,0.4,-1.6
4,31431860-5cfe-483f-aab5-5c6841da7363,529228,"February 26, 2026 / 12:24pm",,golf,putt,other,Putter - Spider Tour Silver Dbl Bend,/img/metric-thumbs/thumb-golf-other-putt.png,,0,0.54,0.30,0.84,1.8,2.4,5.8,1.4,2.7,1.9,0.8,-2.1
5,f6ef9e57-8fbb-4803-b98d-9313390e2892,529228,"February 26, 2026 / 12:23pm",,golf,putt,other,Putter - Spider Tour Silver Dbl Bend,/img/metric-thumbs/thumb-golf-other-putt.png,,0,0.58,0.32,0.90,1.8,2.0,5.9,1.0,3.2,3.3,-0.1,-1.7
6,5e396b8f-371e-4919-aa8b-c46e2e90b590,529228,"February 26, 2026 / 12:23pm",,golf,putt,other,Putter - Spider Tour Silver Dbl Bend,/img/metric-thumbs/thumb-golf-other-putt.png,,0,0.53,0.31,0.84,1.7,2.3,6.0,1.8,2.8,2.7,0.1,-1.5
7,a095d0d1-4ed6-4efa-af2d-0148b67ea45d,529228,"February 26, 2026 / 12:23pm",,golf,putt,other,Putter - Spider Tour Silver Dbl Bend,/img/metric-thumbs/thumb-golf-other-putt.png,,0,0.55,0.32,0.86,1.7,2.2,5.7,1.3,2.5,3.7,-1.2,-1.9
8,6e889cc0-2dce-4857-b696-0494dac88c66,529228,"February 26, 2026 / 12:22pm",,golf,putt,other,Putter - Spider Tour Silver Dbl Bend,/img/metric-thumbs/thumb-golf-other-putt.png,,0,0.52,0.33,0.84,1.6,2.1,5.4,1.8,2.9,3.4,-0.5,-1.7
9,403dabed-c1df-42d2-ba26-6e5e41a145d5,529228,"February 26, 2026 / 12:22pm",,golf,putt,other,Putter - Spider Tour Silver Dbl Bend,/img/metric-thumbs/thumb-golf-other-putt.png,,0,0.55,0.32,0.86,1.7,2.1,5.4,1.8,2.7,3.0,-0.3,-1.9
10,231596a3-7b7c-49a5-a7d9-0731d18b118e,529228,"February 26, 2026 / 12:22pm",,golf,putt,other,Putter - Spider Tour Silver Dbl Bend,/img/metric-thumbs/thumb-golf-other-putt.png,,0,0.61,0.28,0.89,2.2,2.1,5.8,0.1,3.4,2.6,0.9,-1.0
11,c3dd0c96-ac5a-4bce-a5b2-fba8e505e4b3,529228,"February 26, 2026 / 12:21pm",,golf,putt,other,Putter - Spider Tour Silver Dbl Bend,/img/metric-thumbs/thumb-golf-other-putt.png,,0,0.60,0.30,0.90,2.0,2.2,6.3,0.7,3.7,3.0,0.6,-1.0
12,0a89f21c-9101-46f2-b3df-41d69415ec73,529228,"February 26, 2026 / 12:21pm",,golf,putt,other,Putter - Spider Tour Silver Dbl Bend,/img/metric-thumbs/thumb-golf-other-putt.png,,0,0.59,0.28,0.87,2.1,2.1,5.5,0.3,2.5,2.2,0.3,-0.9
13,be6b6f72-f9f3-4cbe-bb3d-8c18671259a0,529228,"February 26, 2026 / 12:21pm",,golf,putt,other,Putter - Spider Tour Silver Dbl Bend,/img/metric-thumbs/thumb-golf-other-putt.png,,0,0.60,0.30,0.90,2.0,2.2,6.2,0.7,3.0,2.8,0.2,-1.2
14,a7a5f826-f061-4890-8f03-3b8999607074,529228,"February 26, 2026 / 12:21pm",,golf,putt,other,Putter - Spider Tour Silver Dbl Bend,/img/metric-thumbs/thumb-golf-other-putt.png,,0,0.54,0.28,0.82,1.9,2.2,5.5,0.7,2.9,3.6,-0.7,-0.7
15,0d0288e9-4ae0-4dac-bfed-b938fec369ba,529228,"February 26, 2026 / 12:20pm",,golf,putt,other,Putter - Spider Tour Silver Dbl Bend,/img/metric-thumbs/thumb-golf-other-putt.png,,0,0.55,0.30,0.85,1.8,2.4,6.0,1.2,3.1,3.1,0.0,-1.0
16,dd57f470-b152-45df-8a46-53542a78f205,529228,"February 26, 2026 / 12:20pm",,golf,putt,other,Putter - Spider Tour Silver Dbl Bend,/img/metric-thumbs/thumb-golf-other-putt.png,,0,0.55,0.28,0.83,2.0,2.3,5.3,1.5,2.6,2.1,0.5,-0.9
17,a1216c46-ae49-4f47-afe8-377e6af9d417,529228,"February 26, 2026 / 12:20pm",,golf,putt,other,Putter - Spider Tour Silver Dbl Bend,/img/metric-thumbs/thumb-golf-other-putt.png,,0,0.53,0.29,0.82,1.9,2.4,5.9,1.4,2.3,2.4,-0.1,-1.0
18,0c27f5e5-ffcd-4ad5-9b3b-91a558336369,529228,"February 26, 2026 / 12:19pm",,golf,putt,other,Putter - Spider Tour Silver Dbl Bend,/img/metric-thumbs/thumb-golf-other-putt.png,,0,0.59,0.31,0.90,1.9,2.2,5.8,1.4,3.0,2.5,0.5,-1.3
19,54c01214-629f-443d-9fed-54bc2c742bb4,529228,"February 26, 2026 / 12:19pm",,golf,putt,other,Putter - Spider Tour Silver Dbl Bend,/img/metric-thumbs/thumb-golf-other-putt.png,,0,0.59,0.29,0.88,2.1,2.3,5.9,1.9,3.2,2.6,0.6,-2.0
20,9553318f-35a6-4a46-a34c-bcbdcffe716b,529228,"February 26, 2026 / 12:19pm",,golf,putt,other,Putter - Spider Tour Silver Dbl Bend,/img/metric-thumbs/thumb-golf-other-putt.png,,0,0.53,0.28,0.81,1.9,2.4,5.6,1.2,2.7,2.8,-0.1,-1.5
21,5c4d2a57-e3fe-4934-b39f-5e51e2411ba3,529228,"February 26, 2026 / 12:18pm",,golf,putt,other,Putter - Spider Tour Silver Dbl Bend,/img/metric-thumbs/thumb-golf-other-putt.png,,0,0.54,0.29,0.83,1.8,2.3,5.2,2.0,2.2,1.5,0.7,-1.4
22,1fbb3ae5-853f-41c6-b13b-32ae7911c4f9,529228,"February 26, 2026 / 12:18pm",,golf,putt,other,Putter - Spider Tour Silver Dbl Bend,/img/metric-thumbs/thumb-golf-other-putt.png,,0,0.54,0.30,0.84,1.8,2.4,5.7,1.6,3.9,3.7,0.2,-1.0
23,da69418b-1cd0-4b36-940b-591d8eb31497,529228,"February 26, 2026 / 12:18pm",,golf,putt,other,Putter - Spider Tour Silver Dbl Bend,/img/metric-thumbs/thumb-golf-other-putt.png,,0,0.55,0.30,0.84,1.9,2.2,5.7,1.5,3.2,2.6,0.6,-1.5
24,6bbd1e23-8cbd-45d2-96e5-6a42b21d4123,529228,"February 26, 2026 / 12:17pm",,golf,putt,other,Putter - Spider Tour Silver Dbl Bend,/img/metric-thumbs/thumb-golf-other-putt.png,,0,0.63,0.33,0.96,1.9,2.2,5.9,1.7,2.3,2.2,0.1,-1.7
25,065e69fd-2576-469a-a265-a6b42cc629ab,529228,"February 26, 2026 / 12:16pm",,golf,putt,other,Putter - Spider Tour Silver Dbl Bend,/img/metric-thumbs/thumb-golf-other-putt.png,,0,0.60,0.33,0.93,1.8,2.3,6.2,1.0,2.2,2.5,-0.3,-0.6
26,00b0c132-a2bb-494a-a3d1-3b457c6e5615,529228,"February 26, 2026 / 12:15pm",,golf,putt,other,Putter - Spider Tour Silver Dbl Bend,/img/metric-thumbs/thumb-golf-other-putt.png,,0,0.70,0.33,1.03,2.1,2.1,5.8,1.5,2.6,2.2,0.4,-0.9
27,d76eca70-f568-48be-ac64-f72938c5af39,529228,"February 26, 2026 / 12:13pm",,golf,putt,other,Putter - Spider Tour Silver Dbl Bend,/img/metric-thumbs/thumb-golf-other-putt.png,,0,0.65,0.34,0.98,1.9,2.5,6.7,1.5,3.0,2.3,0.7,-0.9
28,efbe26f6-fcfb-42ec-9afd-0f578db7c159,529228,"February 26, 2026 / 12:13pm",,golf,putt,other,Putter - Spider Tour Silver Dbl Bend,/img/metric-thumbs/thumb-golf-other-putt.png,,0,0.63,0.32,0.95,2.0,2.3,6.1,1.5,3.0,2.3,0.7,-1.0
29,fec652c5-5ca3-4033-a486-fc09d263ef70,529228,"February 26, 2026 / 12:13pm",,golf,putt,other,Putter - Spider Tour Silver Dbl Bend,/img/metric-thumbs/thumb-golf-other-putt.png,,0,0.64,0.33,0.97,1.9,2.2,5.5,1.5,2.2,1.6,0.5,-1.0
30,c2867d36-e9e4-48ca-b589-7fa5371cbf94,529228,"February 26, 2026 / 12:12pm",,golf,putt,other,Putter - Spider Tour Silver Dbl Bend,/img/metric-thumbs/thumb-golf-other-putt.png,,0,0.61,0.36,0.97,1.7,2.2,5.9,2.2,2.4,1.8,0.6,-1.0
31,5f35ce9b-c76e-432f-9052-d07e8138c0ab,529228,"February 26, 2026 / 12:12pm",,golf,putt,other,Putter - Spider Tour Silver Dbl Bend,/img/metric-thumbs/thumb-golf-other-putt.png,,0,0.64,0.32,0.96,2.0,2.2,5.8,1.3,2.4,2.7,-0.3,-1.4
32,5c314bd1-b25f-406e-9870-9e9bf5745a2d,529228,"February 26, 2026 / 12:11pm",,golf,putt,other,Putter - Spider Tour Silver Dbl Bend,/img/metric-thumbs/thumb-golf-other-putt.png,,0,0.64,0.32,0.96,2.0,2.2,5.7,1.3,2.2,2.4,-0.2,-1.3
33,d61eac4f-5424-4531-8e33-d2406809b57e,529228,"February 26, 2026 / 12:11pm",,golf,putt,other,Putter - Spider Tour Silver Dbl Bend,/img/metric-thumbs/thumb-golf-other-putt.png,,0,0.61,0.32,0.93,1.9,2.2,5.6,1.0,2.3,2.4,-0.1,-0.6
34,78e4048d-0cd4-47f7-b9a6-793566e2a7b8,529228,"February 26, 2026 / 12:10pm",,golf,putt,other,Putter - Spider Tour Silver Dbl Bend,/img/metric-thumbs/thumb-golf-other-putt.png,,0,0.57,0.31,0.88,1.8,2.3,5.9,1.4,3.4,3.2,0.2,-1.0
35,352cab79-63d0-439d-a094-61306c053bbe,529228,"February 26, 2026 / 12:10pm",,golf,putt,other,Putter - Spider Tour Silver Dbl Bend,/img/metric-thumbs/thumb-golf-other-putt.png,,0,0.54,0.31,0.85,1.7,2.3,5.6,2.1,2.4,2.1,0.3,-1.0
36,e107682e-eb9d-4fb2-ba2e-1e1e6a8fb8eb,529228,"February 26, 2026 / 12:10pm",,golf,putt,other,Putter - Spider Tour Silver Dbl Bend,/img/metric-thumbs/thumb-golf-other-putt.png,,0,0.65,0.31,0.96,2.1,2.2,5.8,1.8,2.9,2.2,0.7,-0.9
37,b3917022-127f-4090-9a1b-939804f36acd,529228,"February 26, 2026 / 12:10pm",,golf,putt,other,Putter - Spider Tour Silver Dbl Bend,/img/metric-thumbs/thumb-golf-other-putt.png,,0,0.66,0.32,0.98,2.0,2.2,6.1,1.7,3.4,2.4,1.0,-1.4
38,82e48ceb-ae55-4c12-9182-2ebcb36b9cf8,529228,"February 26, 2026 / 12:09pm",,golf,putt,other,Putter - Spider Tour Silver Dbl Bend,/img/metric-thumbs/thumb-golf-other-putt.png,,0,0.59,0.30,0.89,2.0,2.3,5.8,1.2,2.5,2.6,-0.1,-1.1
39,aad7f36d-469f-4d18-8b77-17bb89a2b277,529228,"February 26, 2026 / 12:09pm",,golf,putt,other,Putter - Spider Tour Silver Dbl Bend,/img/metric-thumbs/thumb-golf-other-putt.png,,0,0.63,0.33,0.97,1.9,2.3,6.0,1.4,3.0,3.2,-0.2,-1.0
40,144fa3cd-a6d9-4006-ba3f-cdb5e763f382,529228,"February 26, 2026 / 12:08pm",,golf,putt,other,Putter - Spider Tour Silver Dbl Bend,/img/metric-thumbs/thumb-golf-other-putt.png,,0,0.55,0.33,0.87,1.7,2.2,5.4,1.9,2.2,2.8,-0.6,-1.0
41,18f242b2-69a7-4451-8dcb-daba0df8e3b0,529228,"February 26, 2026 / 12:08pm",,golf,putt,other,Putter - Spider Tour Silver Dbl Bend,/img/metric-thumbs/thumb-golf-other-putt.png,,0,0.53,0.31,0.84,1.7,2.4,5.6,1.8,3.3,3.4,-0.1,-0.7
42,0d5c79d3-72dd-42bf-868f-01fe0c673654,529228,"February 26, 2026 / 12:08pm",,golf,putt,other,Putter - Spider Tour Silver Dbl Bend,/img/metric-thumbs/thumb-golf-other-putt.png,,0,0.55,0.32,0.87,1.7,2.1,5.2,2.2,2.6,2.1,0.5,-0.9
43,7d3ae5d5-b469-4065-b154-59111693f937,529228,"February 26, 2026 / 12:08pm",,golf,putt,other,Putter - Spider Tour Silver Dbl Bend,/img/metric-thumbs/thumb-golf-other-putt.png,,0,0.56,0.33,0.88,1.7,2.3,5.8,2.5,2.5,2.6,-0.1,-0.6
44,a4f1dab2-1476-4932-9c06-fc298c2cb14c,529228,"February 26, 2026 / 12:07pm",,golf,putt,other,Putter - Spider Tour Silver Dbl Bend,/img/metric-thumbs/thumb-golf-other-putt.png,,0,0.56,0.32,0.87,1.7,2.3,5.6,1.9,3.2,3.5,-0.3,-1.0
45,bec78aa8-df84-49ed-bd08-14223b9cd8fb,529228,"February 26, 2026 / 12:07pm",,golf,putt,other,Putter - Spider Tour Silver Dbl Bend,/img/metric-thumbs/thumb-golf-other-putt.png,,0,0.58,0.32,0.90,1.8,2.3,5.9,2.1,2.6,2.6,0.0,-0.8
46,62a2dc2b-6424-402c-af50-4b92023ae13c,529228,"February 26, 2026 / 12:07pm",,golf,putt,other,Putter - Spider Tour Silver Dbl Bend,/img/metric-thumbs/thumb-golf-other-putt.png,,0,0.54,0.32,0.86,1.7,2.3,5.5,1.9,3.0,3.3,-0.3,-0.6
47,7d072c32-0ca9-4305-bd64-02a33551f27f,529228,"February 26, 2026 / 12:06pm",,golf,putt,other,Putter - Spider Tour Silver Dbl Bend,/img/metric-thumbs/thumb-golf-other-putt.png,,0,0.56,0.31,0.87,1.8,2.3,5.5,1.9,2.7,3.5,-0.8,-0.8
48,8ff75612-46ca-4ea1-ae80-491b29260e7d,529228,"February 26, 2026 / 12:06pm",,golf,putt,other,Putter - Spider Tour Silver Dbl Bend,/img/metric-thumbs/thumb-golf-other-putt.png,,0,0.56,0.33,0.90,1.7,2.3,5.6,2.5,2.6,2.2,0.4,-0.9
49,cd2519f3-ee09-4a0c-a570-8b3cab9656ae,529228,"February 26, 2026 / 12:06pm",,golf,putt,other,Putter - Spider Tour Silver Dbl Bend,/img/metric-thumbs/thumb-golf-other-putt.png,,0,0.57,0.33,0.89,1.7,2.2,5.2,1.9,2.3,2.4,-0.2,-0.9
50,2d58b8a9-079c-4560-a52e-d41279333c4f,529228,"February 26, 2026 / 12:05pm",,golf,putt,other,Putter - Spider Tour Silver Dbl Bend,/img/metric-thumbs/thumb-golf-other-putt.png,,0,0.58,0.32,0.90,1.8,2.3,5.3,2.2,1.9,1.9,0.0,-0.9
51,5d856f57-c8cd-4ec3-af84-1e60b45822f6,529228,"February 26, 2026 / 12:05pm",,golf,putt,other,Putter - Spider Tour Silver Dbl Bend,/img/metric-thumbs/thumb-golf-other-putt.png,,0,0.53,0.31,0.84,1.7,2.2,5.4,2.3,2.4,2.4,0.0,-1.0
52,28cb2361-42f0-46b7-baeb-665ea2eee4aa,529228,"February 26, 2026 / 12:05pm",,golf,putt,other,Putter - Spider Tour Silver Dbl Bend,/img/metric-thumbs/thumb-golf-other-putt.png,,0,0.61,0.30,0.91,2.0,2.2,5.6,1.0,2.9,2.5,0.4,-0.8
53,130e1279-1601-4ef4-a70a-d80069e186f7,529228,"February 26, 2026 / 12:05pm",,golf,putt,other,Putter - Spider Tour Silver Dbl Bend,/img/metric-thumbs/thumb-golf-other-putt.png,,0,0.58,0.31,0.90,1.9,2.4,6.0,1.4,3.2,3.3,-0.1,-1.1
54,131e8464-8c3a-4564-a957-ac30ef0306fb,529228,"February 26, 2026 / 12:04pm",,golf,putt,other,Putter - Spider Tour Silver Dbl Bend,/img/metric-thumbs/thumb-golf-other-putt.png,,0,0.60,0.31,0.91,2.0,2.3,5.8,0.8,3.4,2.6,0.7,-1.6
55,5590c70c-9e7c-4d7d-8ced-2b095b4cfaf7,529228,"February 26, 2026 / 12:04pm",,golf,putt,other,Putter - Spider Tour Silver Dbl Bend,/img/metric-thumbs/thumb-golf-other-putt.png,,0,0.59,0.31,0.90,1.9,2.3,5.9,0.8,3.0,3.4,-0.4,-1.1
56,268efbb1-0acc-45fb-9814-f99b046c1b16,529228,"February 26, 2026 / 12:04pm",,golf,putt,other,Putter - Spider Tour Silver Dbl Bend,/img/metric-thumbs/thumb-golf-other-putt.png,,0,0.64,0.34,0.98,1.9,2.2,5.5,1.4,3.1,2.1,1.0,-1.2
57,0c9bea50-a33f-4ee1-a13d-89bf016205e9,529228,"February 26, 2026 / 12:04pm",,golf,putt,other,Putter - Spider Tour Silver Dbl Bend,/img/metric-thumbs/thumb-golf-other-putt.png,,0,0.62,0.32,0.94,1.9,2.4,5.8,1.4,3.3,2.6,0.7,-1.0
58,98818864-c931-48e1-b1b1-ddcbcc80ebd0,529228,"February 26, 2026 / 12:03pm",,golf,putt,other,Putter - Spider Tour Silver Dbl Bend,/img/metric-thumbs/thumb-golf-other-putt.png,,0,0.59,0.32,0.90,1.8,2.3,5.8,1.3,2.6,2.9,-0.2,-0.9
59,ec0d1fb4-0e2d-472a-a2f0-2f4e9ac75200,529228,"February 26, 2026 / 12:03pm",,golf,putt,other,Putter - Spider Tour Silver Dbl Bend,/img/metric-thumbs/thumb-golf-other-putt.png,,0,0.59,0.37,0.96,1.6,2.3,5.8,2.2,2.3,0.9,1.4,-1.7
60,af7c1ade-3c61-43b3-99e9-bda46e7d8a19,529228,"February 26, 2026 / 12:03pm",,golf,putt,other,Putter - Spider Tour Silver Dbl Bend,/img/metric-thumbs/thumb-golf-other-putt.png,,0,0.60,0.34,0.94,1.7,2.2,5.6,1.5,2.8,2.0,0.8,-1.5
61,4d0dc443-1719-4216-aa57-332451ffbc79,529228,"February 26, 2026 / 12:02pm",,golf,putt,other,Putter - Spider Tour Silver Dbl Bend,/img/metric-thumbs/thumb-golf-other-putt.png,,0,0.63,0.34,0.98,1.8,2.3,5.8,1.5,2.7,2.7,0.0,-0.7
62,91e5d5ee-0831-4ae6-a313-f672fedc20b3,529228,"February 26, 2026 / 12:02pm",,golf,putt,other,Putter - Spider Tour Silver Dbl Bend,/img/metric-thumbs/thumb-golf-other-putt.png,,0,0.64,0.31,0.95,2.1,2.4,6.1,1.5,3.0,2.5,0.5,-1.3
63,f5e2f917-904f-4aa7-ae51-2f84e9239bcd,529228,"February 26, 2026 / 12:01pm",,golf,putt,other,Putter - Spider Tour Silver Dbl Bend,/img/metric-thumbs/thumb-golf-other-putt.png,,0,0.62,0.31,0.93,2.0,2.3,5.9,1.0,2.8,2.6,0.2,-0.6
64,a9f3e3c6-6963-4320-a4e0-95c313eda232,529228,"February 26, 2026 / 12:01pm",,golf,putt,other,Putter - Spider Tour Silver Dbl Bend,/img/metric-thumbs/thumb-golf-other-putt.png,,0,0.56,0.29,0.84,1.9,2.4,6.0,1.9,3.1,1.4,1.7,-1.3
65,fcb726d1-9c61-4621-bf13-6ad16b536e85,529228,"February 26, 2026 / 12:00pm",,golf,putt,other,Putter - Spider Tour Silver Dbl Bend,/img/metric-thumbs/thumb-golf-other-putt.png,,0,0.54,0.29,0.83,1.8,2.3,5.2,1.6,2.6,1.6,1.0,-1.0
66,90c08a5b-00c1-4d2c-b322-5e4c47361399,529228,"February 26, 2026 / 12:00pm",,golf,putt,other,Putter - Spider Tour Silver Dbl Bend,/img/metric-thumbs/thumb-golf-other-putt.png,,0,0.55,0.30,0.85,1.8,2.3,6.1,1.3,3.6,2.9,0.7,-0.8
67,90b1e79d-ea55-4b39-bff8-07747f8c619d,529228,"February 26, 2026 / 11:16am",,golf,putt,other,Putter - Spider Tour Silver Dbl Bend,/img/metric-thumbs/thumb-golf-other-putt.png,,0,0.53,0.31,0.84,1.7,2.3,5.9,0.3,2.9,2.9,0.0,-0.8
68,94a0663e-d37e-4ddb-ad86-0b64084ee5c9,529228,"February 26, 2026 / 11:15am",,golf,putt,other,Putter - Spider Tour Silver Dbl Bend,/img/metric-thumbs/thumb-golf-other-putt.png,,0,0.62,0.33,0.95,1.9,2.1,5.8,0.9,1.6,1.3,0.3,-0.8
69,8b98906c-0cd5-46e3-9bfe-52629d66d8fc,529228,"February 26, 2026 / 11:15am",,golf,putt,other,Putter - Spider Tour Silver Dbl Bend,/img/metric-thumbs/thumb-golf-other-putt.png,,0,0.58,0.31,0.89,1.9,2.1,5.5,1.5,2.4,0.7,1.6,-1.3
70,65c686cb-deb7-480d-9706-740303ecd406,529228,"February 26, 2026 / 11:14am",,golf,putt,other,Putter - Spider Tour Silver Dbl Bend,/img/metric-thumbs/thumb-golf-other-putt.png,,0,0.57,0.31,0.88,1.9,2.1,5.7,1.7,2.2,0.9,1.3,-1.1
71,d8626b6f-3b1e-4ddf-b6cc-5ba93382d025,529228,"February 26, 2026 / 11:14am",,golf,putt,other,Putter - Spider Tour Silver Dbl Bend,/img/metric-thumbs/thumb-golf-other-putt.png,,0,0.63,0.32,0.94,2.0,2.2,5.6,1.1,2.2,0.7,1.5,-1.2
72,3e3ac835-5309-4898-8b2b-d5a48f3a5333,529228,"February 26, 2026 / 11:14am",,golf,putt,other,Putter - Spider Tour Silver Dbl Bend,/img/metric-thumbs/thumb-golf-other-putt.png,,0,0.58,0.32,0.90,1.8,2.2,6.7,0.6,3.0,1.8,1.2,-1.5
73,18bce55f-5e50-4242-ba94-e8e3452ad30c,529228,"February 26, 2026 / 11:14am",,golf,putt,other,Putter - Spider Tour Silver Dbl Bend,/img/metric-thumbs/thumb-golf-other-putt.png,,0,0.63,0.31,0.94,2.0,2.2,6.4,0.8,2.9,0.9,2.1,-0.9
74,04e1f6e2-0472-4552-8f4d-0bfc2b6b682e,529228,"February 26, 2026 / 11:13am",,golf,putt,other,Putter - Spider Tour Silver Dbl Bend,/img/metric-thumbs/thumb-golf-other-putt.png,,0,0.62,0.29,0.90,2.2,2.1,5.7,0.8,3.5,1.4,2.1,-0.9
75,72622f5c-02c1-4625-9a47-3c15efb08436,529228,"February 26, 2026 / 11:13am",,golf,putt,other,Putter - Spider Tour Silver Dbl Bend,/img/metric-thumbs/thumb-golf-other-putt.png,,0,0.60,0.30,0.90,2.0,2.2,5.9,0.6,2.7,1.0,1.8,-1.0
76,c16ca0b9-90d3-4940-b895-3aff3d4101a2,529228,"February 26, 2026 / 11:12am",,golf,putt,other,Putter - Spider Tour Silver Dbl Bend,/img/metric-thumbs/thumb-golf-other-putt.png,,0,0.63,0.31,0.94,2.0,2.2,5.8,1.8,2.5,0.9,1.5,-1.1
77,0aeb9e33-61ef-4c53-b6ff-27f13ddb600f,529228,"February 26, 2026 / 11:12am",,golf,putt,other,Putter - Spider Tour Silver Dbl Bend,/img/metric-thumbs/thumb-golf-other-putt.png,,0,0.62,0.31,0.93,2.0,2.2,5.7,1.1,2.6,2.0,0.6,-0.9
78,c7c3d182-c712-40e9-96e0-3c4dd68402a2,529228,"February 26, 2026 / 11:12am",,golf,putt,other,Putter - Spider Tour Silver Dbl Bend,/img/metric-thumbs/thumb-golf-other-putt.png,,0,0.58,0.28,0.86,2.0,2.2,5.2,1.6,2.0,0.7,1.3,-1.2
79,b6be5973-b927-4eb5-a1b1-ad8fcf790232,529228,"February 26, 2026 / 11:11am",,golf,putt,other,Putter - Spider Tour Silver Dbl Bend,/img/metric-thumbs/thumb-golf-other-putt.png,,0,0.59,0.29,0.88,2.0,2.3,5.6,1.6,2.3,2.0,0.3,-0.9
80,e5792d4b-05cc-47ea-bd1b-a2de0c87b868,529228,"February 26, 2026 / 11:11am",,golf,putt,other,Putter - Spider Tour Silver Dbl Bend,/img/metric-thumbs/thumb-golf-other-putt.png,,0,0.51,0.24,0.76,2.1,2.2,4.2,1.3,2.1,1.0,1.1,-1.1
81,38e27de8-b546-41a4-ac29-a76b14552506,529228,"February 26, 2026 / 11:10am",,golf,putt,other,Putter - Spider Tour Silver Dbl Bend,/img/metric-thumbs/thumb-golf-other-putt.png,,0,0.64,0.31,0.95,2.0,2.2,5.3,2.0,2.0,1.5,0.5,-1.4
82,cd5a8ec8-a3fd-4908-b90d-a9e58d645318,529228,"February 26, 2026 / 11:10am",,golf,putt,other,Putter - Spider Tour Silver Dbl Bend,/img/metric-thumbs/thumb-golf-other-putt.png,,0,0.60,0.31,0.91,2.0,2.0,5.0,2.0,2.9,1.7,1.2,-1.1
83,dab8ea67-ccac-4714-9015-6bac75521206,529228,"February 26, 2026 / 10:55am",,golf,putt,other,Putter - Spider Tour Silver Dbl Bend,/img/metric-thumbs/thumb-golf-other-putt.png,,0,0.55,0.30,0.86,1.8,2.3,5.9,1.3,2.6,1.5,1.1,-1.0
84,c0270e9f-0110-4e3f-87e0-cd36cc1c2fa0,529228,"February 26, 2026 / 10:54am",,golf,putt,other,Putter - Spider Tour Silver Dbl Bend,/img/metric-thumbs/thumb-golf-other-putt.png,,0,0.57,0.28,0.85,2.0,2.2,5.4,1.5,2.7,2.1,0.6,-0.8
85,39b80ac1-9d02-46df-82db-a24859c9fc93,529228,"February 26, 2026 / 10:54am",,golf,putt,other,Putter - Spider Tour Silver Dbl Bend,/img/metric-thumbs/thumb-golf-other-putt.png,,0,0.58,0.28,0.86,2.1,2.1,5.0,0.8,2.4,1.3,1.1,-1.1
86,880a5d1b-4a04-4064-8ee1-858bffa79a24,529228,"February 26, 2026 / 10:50am",,golf,putt,other,Putter - Spider Tour Silver Dbl Bend,/img/metric-thumbs/thumb-golf-other-putt.png,,0,0.53,0.28,0.81,1.9,2.2,5.5,1.4,3.3,2.0,1.3,-0.6
87,495724ef-f013-415d-9d9b-3e15000935c1,529228,"February 26, 2026 / 10:48am",,golf,putt,other,Putter - Spider Tour Silver Dbl Bend,/img/metric-thumbs/thumb-golf-other-putt.png,,0,0.54,0.29,0.83,1.9,2.2,5.3,1.3,2.5,2.4,0.1,-0.2
88,fb1a310a-83e8-412f-adc2-9562e450c5f5,529228,"February 26, 2026 / 10:48am",,golf,putt,other,Putter - Spider Tour Silver Dbl Bend,/img/metric-thumbs/thumb-golf-other-putt.png,,0,0.54,0.31,0.85,1.7,2.4,6.2,2.3,2.7,1.9,0.8,-0.4
89,dfe5fcb2-8f19-44fd-98c2-ba2190bf7d57,529228,"February 26, 2026 / 10:47am",,golf,putt,other,Putter - Spider Tour Silver Dbl Bend,/img/metric-thumbs/thumb-golf-other-putt.png,,0,0.54,0.33,0.87,1.6,2.2,5.3,2.3,2.6,1.8,0.8,-0.6
90,0c1c200c-31e6-4492-b2be-89ffdbf3596d,529228,"February 26, 2026 / 10:45am",,golf,putt,other,Putter - Spider Tour Silver Dbl Bend,/img/metric-thumbs/thumb-golf-other-putt.png,,0,0.69,0.33,1.03,2.1,2.2,6.5,1.2,2.7,1.6,1.1,-0.9
91,49a7e413-4411-4614-9ef1-b82e05a3616b,529228,"February 26, 2026 / 10:44am",,golf,putt,other,Putter - Spider Tour Silver Dbl Bend,/img/metric-thumbs/thumb-golf-other-putt.png,,0,0.62,0.33,0.95,1.9,2.4,7.1,0.8,2.9,2.2,0.7,-0.8
92,e7baed15-7923-468e-a02d-4f2ca42df2d9,529228,"February 26, 2026 / 10:44am",,golf,putt,other,Putter - Spider Tour Silver Dbl Bend,/img/metric-thumbs/thumb-golf-other-putt.png,,0,0.67,0.33,1.01,2.0,2.2,6.1,-0.3,3.3,2.7,0.6,0.5
93,f1e48143-637b-4755-9ff5-271633026618,529228,"February 26, 2026 / 10:44am",,golf,putt,other,Putter - Spider Tour Silver Dbl Bend,/img/metric-thumbs/thumb-golf-other-putt.png,,0,0.73,0.37,1.10,2.0,2.4,6.8,1.2,3.0,3.0,0.0,-1.1
94,3a655737-aeb5-49b5-96a7-509e3b2b8f56,529228,"February 26, 2026 / 10:43am",,golf,putt,other,Putter - Spider Tour Silver Dbl Bend,/img/metric-thumbs/thumb-golf-other-putt.png,,0,0.62,0.30,0.92,2.0,2.3,6.0,1.0,2.7,1.8,0.9,-1.1
95,40c955b6-30f4-4519-a275-1903e62ea45d,529228,"February 26, 2026 / 10:43am",,golf,putt,other,Putter - Spider Tour Silver Dbl Bend,/img/metric-thumbs/thumb-golf-other-putt.png,,0,0.63,0.31,0.94,2.0,2.5,6.9,1.5,3.3,2.6,0.7,-1.1
96,2435ce56-0ff0-45ce-8b6c-185f42da2597,529228,"February 26, 2026 / 10:42am",,golf,putt,other,Putter - Spider Tour Silver Dbl Bend,/img/metric-thumbs/thumb-golf-other-putt.png,,0,0.69,0.36,1.05,1.9,2.1,6.7,-0.4,3.3,2.4,0.9,-0.6
97,bf7e1c6c-8928-4ec4-8a5b-ceb0b712a1a2,529228,"February 26, 2026 / 10:42am",,golf,putt,other,Putter - Spider Tour Silver Dbl Bend,/img/metric-thumbs/thumb-golf-other-putt.png,,0,0.55,0.35,0.90,1.6,2.1,5.4,0.7,2.2,1.7,0.4,-0.4
98,9b6198c9-5663-4845-9015-0638f23121c2,529228,"February 26, 2026 / 10:42am",,golf,putt,other,Putter - Spider Tour Silver Dbl Bend,/img/metric-thumbs/thumb-golf-other-putt.png,,0,0.65,0.34,0.99,1.9,2.2,6.2,1.3,3.0,2.4,0.6,-1.0
99,c90c71a6-bea7-4dad-bca3-576c6c499c26,529228,"February 26, 2026 / 10:41am",,golf,putt,other,Putter - Spider Tour Silver Dbl Bend,/img/metric-thumbs/thumb-golf-other-putt.png,,0,0.68,0.31,0.99,2.2,2.3,5.7,1.3,2.3,1.5,0.8,-1.2
100,b4dd4d17-acec-436a-a3fd-fdf58ec5616d,529228,"February 26, 2026 / 9:47am",,golf,putt,other,Putter - Spider Tour Silver Dbl Bend,/img/metric-thumbs/thumb-golf-other-putt.png,,0,0.53,0.32,0.85,1.6,2.3,5.8,1.7,2.4,1.3,1.1,-0.9
101,59a4b6d6-5fd9-4a7e-b75b-210615145b3a,529228,"February 26, 2026 / 9:47am",,golf,putt,other,Putter - Spider Tour Silver Dbl Bend,/img/metric-thumbs/thumb-golf-other-putt.png,,0,0.55,0.30,0.85,1.9,2.4,5.9,2.0,2.5,1.3,1.2,-1.0
102,d9ba913b-e822-4bf5-928c-bbe149f9bc79,529228,"February 26, 2026 / 9:47am",,golf,putt,other,Putter - Spider Tour Silver Dbl Bend,/img/metric-thumbs/thumb-golf-other-putt.png,,0,0.48,0.28,0.76,1.7,2.2,5.0,1.9,2.5,1.3,1.2,-0.7
103,e5d2fbcd-4015-4a43-b2f3-9ac30c611c48,529228,"February 26, 2026 / 9:47am",,golf,putt,other,Putter - Spider Tour Silver Dbl Bend,/img/metric-thumbs/thumb-golf-other-putt.png,,0,0.56,0.31,0.88,1.8,2.2,5.6,1.6,2.7,1.6,1.1,-1.0
104,2cdc24c0-2d06-4698-be29-b00f0fed4471,529228,"February 26, 2026 / 9:46am",,golf,putt,other,Putter - Spider Tour Silver Dbl Bend,/img/metric-thumbs/thumb-golf-other-putt.png,,0,0.65,0.30,0.95,2.1,2.2,5.3,1.5,2.6,1.8,0.8,-0.9
105,33feabc2-2705-4d6c-8a49-6f64cb8191cb,529228,"February 26, 2026 / 9:46am",,golf,putt,other,Putter - Spider Tour Silver Dbl Bend,/img/metric-thumbs/thumb-golf-other-putt.png,,0,0.61,0.30,0.91,2.0,2.3,5.9,1.8,2.3,1.5,0.8,-1.1
106,ffbf371c-ec4e-4e79-ae20-21b337169a33,529228,"February 26, 2026 / 9:45am",,golf,putt,other,Putter - Spider Tour Silver Dbl Bend,/img/metric-thumbs/thumb-golf-other-putt.png,,0,0.59,0.32,0.90,1.8,2.3,5.5,1.8,2.8,1.2,1.6,-0.9
107,08ae1ba3-f88c-40df-9be7-dbadf048f8c4,529228,"February 26, 2026 / 9:45am",,golf,putt,other,Putter - Spider Tour Silver Dbl Bend,/img/metric-thumbs/thumb-golf-other-putt.png,,0,0.52,0.29,0.82,1.8,2.1,5.6,1.5,2.4,1.8,0.5,-0.6
108,3b871848-1f31-44f3-9ff4-bed88dfa3859,529228,"February 26, 2026 / 9:45am",,golf,putt,other,Putter - Spider Tour Silver Dbl Bend,/img/metric-thumbs/thumb-golf-other-putt.png,,0,0.56,0.28,0.85,2.0,2.3,6.0,1.4,2.5,1.7,0.8,-1.1
109,dba7b207-4861-4281-b16b-077d11a29bff,529228,"February 26, 2026 / 9:45am",,golf,putt,other,Putter - Spider Tour Silver Dbl Bend,/img/metric-thumbs/thumb-golf-other-putt.png,,0,0.58,0.27,0.85,2.1,2.4,5.1,1.4,1.2,0.7,0.5,-0.6
110,a91fcfc6-fca0-45b1-9fad-68879f760893,529228,"February 26, 2026 / 9:44am",,golf,putt,other,Putter - Spider Tour Silver Dbl Bend,/img/metric-thumbs/thumb-golf-other-putt.png,,0,0.53,0.29,0.82,1.8,2.2,5.7,1.6,2.6,1.6,1.0,-1.2
111,99aa3b91-c0ac-48ae-a5a6-303c43b196ee,529228,"February 26, 2026 / 9:44am",,golf,putt,other,Putter - Spider Tour Silver Dbl Bend,/img/metric-thumbs/thumb-golf-other-putt.png,,0,0.53,0.28,0.81,1.9,2.1,5.0,1.3,2.0,1.2,0.9,-1.2
112,adb160dc-acda-42cb-81d2-1cb5f0992763,529228,"February 26, 2026 / 9:44am",,golf,putt,other,Putter - Spider Tour Silver Dbl Bend,/img/metric-thumbs/thumb-golf-other-putt.png,,0,0.55,0.28,0.84,2.0,2.4,5.8,1.4,2.3,1.2,1.1,-1.3
113,a1b3335d-e2cd-4ce7-94eb-bf1a7436402e,529228,"February 26, 2026 / 9:43am",,golf,putt,other,Putter - Spider Tour Silver Dbl Bend,/img/metric-thumbs/thumb-golf-other-putt.png,,0,0.58,0.26,0.84,2.2,2.3,5.3,1.7,2.2,1.1,1.2,-0.8
114,db140491-93da-4433-8a02-927e0fc2f25c,529228,"February 26, 2026 / 9:43am",,golf,putt,other,Putter - Spider Tour Silver Dbl Bend,/img/metric-thumbs/thumb-golf-other-putt.png,,0,0.58,0.29,0.86,2.0,2.3,6.3,1.3,3.0,1.9,1.0,-0.7
115,5dc283d6-9eaf-4a62-a46d-9d872ad5a0ba,529228,"February 26, 2026 / 9:42am",,golf,putt,other,Putter - Spider Tour Silver Dbl Bend,/img/metric-thumbs/thumb-golf-other-putt.png,,0,0.57,0.29,0.86,2.0,2.3,5.8,1.6,3.3,1.9,1.4,-0.6
116,00acb417-7460-42f0-89b6-c2f30046bc44,529228,"February 26, 2026 / 9:42am",,golf,putt,other,Putter - Spider Tour Silver Dbl Bend,/img/metric-thumbs/thumb-golf-other-putt.png,,0,0.58,0.29,0.87,2.0,2.3,5.6,1.4,2.2,1.4,0.8,-1.1
117,c6a33250-6ecb-4e51-8cdb-4f906dca51f9,529228,"February 26, 2026 / 9:42am",,golf,putt,other,Putter - Spider Tour Silver Dbl Bend,/img/metric-thumbs/thumb-golf-other-putt.png,,0,0.62,0.31,0.94,2.0,2.2,5.8,1.7,3.2,1.9,1.3,-1.2
118,5fd754b6-3a61-435a-a849-74fb2bda0000,529228,"February 26, 2026 / 9:42am",,golf,putt,other,Putter - Spider Tour Silver Dbl Bend,/img/metric-thumbs/thumb-golf-other-putt.png,,0,0.55,0.29,0.84,1.9,2.5,5.9,1.5,2.9,2.7,0.2,-0.8
119,136dd5d7-8ddc-4ad8-8ec0-1c84d68eb2b4,529228,"February 26, 2026 / 9:41am",,golf,putt,other,Putter - Spider Tour Silver Dbl Bend,/img/metric-thumbs/thumb-golf-other-putt.png,,0,0.57,0.29,0.86,1.9,2.3,5.5,1.3,2.4,2.3,0.0,-0.8
120,c8ca2f23-a290-438a-8961-db951af261f9,529228,"February 26, 2026 / 9:40am",,golf,putt,other,Putter - Spider Tour Silver Dbl Bend,/img/metric-thumbs/thumb-golf-other-putt.png,,0,0.53,0.30,0.83,1.7,2.3,5.5,1.1,2.3,1.9,0.4,-0.7
121,9b01862b-3b51-435e-b322-ef3a230c1539,529228,"February 26, 2026 / 9:40am",,golf,putt,other,Putter - Spider Tour Silver Dbl Bend,/img/metric-thumbs/thumb-golf-other-putt.png,,0,0.62,0.32,0.94,2.0,2.2,5.7,1.4,2.2,2.1,0.1,-1.0
122,7954b672-613b-46f4-86c8-ac13debfadd4,529228,"February 26, 2026 / 9:40am",,golf,putt,other,Putter - Spider Tour Silver Dbl Bend,/img/metric-thumbs/thumb-golf-other-putt.png,,0,0.55,0.29,0.84,1.9,2.0,4.3,1.8,1.8,1.9,-0.1,-1.0
123,3a96dc1e-c529-4546-bce3-291f38c503f3,529228,"February 26, 2026 / 9:39am",,golf,putt,other,Putter - Spider Tour Silver Dbl Bend,/img/metric-thumbs/thumb-golf-other-putt.png,,0,0.58,0.28,0.86,2.1,2.3,5.0,1.1,2.5,2.5,0.0,-0.6
124,026a495a-fa02-41fe-be9f-3fcedfc1f0c0,529228,"February 26, 2026 / 9:39am",,golf,putt,other,Putter - Spider Tour Silver Dbl Bend,/img/metric-thumbs/thumb-golf-other-putt.png,,0,0.61,0.33,0.94,1.8,2.2,6.1,2.0,2.7,2.8,-0.1,-1.1
125,7d64d021-4562-4f82-91d2-4e3b63f42cd0,529228,"February 25, 2026 / 4:20pm",,golf,putt,other,Putter - Spider Tour Silver Dbl Bend,/img/metric-thumbs/thumb-golf-other-putt.png,,0,0.60,0.29,0.89,2.1,2.2,5.3,0.7,1.9,2.3,-0.4,-1.5
126,31be5fb9-32f2-45a2-ae07-ffeef211245d,529228,"February 25, 2026 / 4:19pm",,golf,putt,other,Putter - Spider Tour Silver Dbl Bend,/img/metric-thumbs/thumb-golf-other-putt.png,,0,0.60,0.28,0.89,2.1,2.1,5.6,1.4,2.3,1.9,0.3,-0.8
127,8b5524c6-b7e4-4508-b9aa-a870903e49f8,529228,"February 25, 2026 / 4:19pm",,golf,putt,other,Putter - Spider Tour Silver Dbl Bend,/img/metric-thumbs/thumb-golf-other-putt.png,,0,0.56,0.29,0.86,1.9,2.2,5.3,1.7,1.9,1.4,0.5,-0.6
128,955a5996-1549-4c13-901f-2f3af4615744,529228,"February 25, 2026 / 4:19pm",,golf,putt,other,Putter - Spider Tour Silver Dbl Bend,/img/metric-thumbs/thumb-golf-other-putt.png,,0,0.60,0.31,0.90,1.9,2.1,5.3,1.6,2.0,1.1,0.9,-0.8
129,edd407ca-6001-41c0-92a8-aad7237ab54e,529228,"February 25, 2026 / 4:18pm",,golf,putt,other,Putter - Spider Tour Silver Dbl Bend,/img/metric-thumbs/thumb-golf-other-putt.png,,0,0.66,0.31,0.97,2.1,2.2,5.6,1.6,2.8,1.7,1.1,-0.8
130,65c11ac0-9838-4f7a-bccc-8571ad2e2219,529228,"February 25, 2026 / 4:18pm",,golf,putt,other,Putter - Spider Tour Silver Dbl Bend,/img/metric-thumbs/thumb-golf-other-putt.png,,0,0.59,0.30,0.88,2.0,2.3,5.4,1.1,1.7,1.0,0.7,-0.7
131,e0d946ad-6b72-4d90-9054-99412fa1aaa8,529228,"February 25, 2026 / 4:17pm",,golf,putt,other,Putter - Spider Tour Silver Dbl Bend,/img/metric-thumbs/thumb-golf-other-putt.png,,0,0.59,0.30,0.89,2.0,2.1,5.0,1.6,1.8,1.3,0.5,-0.8
132,27402cd9-d409-42c5-b2fd-dc7167e8bcd4,529228,"February 25, 2026 / 4:17pm",,golf,putt,other,Putter - Spider Tour Silver Dbl Bend,/img/metric-thumbs/thumb-golf-other-putt.png,,0,0.55,0.30,0.85,1.8,2.1,5.5,1.2,2.3,1.9,0.4,-0.9
133,c97b3292-cbcb-49fe-8c4a-b53dd7f39f19,529228,"February 25, 2026 / 4:17pm",,golf,putt,other,Putter - Spider Tour Silver Dbl Bend,/img/metric-thumbs/thumb-golf-other-putt.png,,0,0.62,0.32,0.94,1.9,2.1,5.4,1.1,2.7,2.4,0.3,-0.6
134,92e502d3-ba8a-428e-9e79-3dd03412e988,529228,"February 25, 2026 / 4:17pm",,golf,putt,other,Putter - Spider Tour Silver Dbl Bend,/img/metric-thumbs/thumb-golf-other-putt.png,,0,0.56,0.29,0.85,1.9,2.3,5.3,1.7,2.5,1.9,0.7,-0.8
135,73bb7942-fc10-4c7c-959c-ffefbc921a00,529228,"February 25, 2026 / 4:16pm",,golf,putt,other,Putter - Spider Tour Silver Dbl Bend,/img/metric-thumbs/thumb-golf-other-putt.png,,0,0.59,0.29,0.88,2.0,2.1,5.4,1.1,2.7,1.7,1.1,-1.1
136,446f56c1-30e2-4dbc-90c2-28d2db1b88d7,529228,"February 25, 2026 / 4:16pm",,golf,putt,other,Putter - Spider Tour Silver Dbl Bend,/img/metric-thumbs/thumb-golf-other-putt.png,,0,0.52,0.28,0.81,1.8,2.1,5.0,1.3,2.5,1.4,1.1,-0.8
137,828dcf4c-41fd-473f-9ace-552ecc38755f,529228,"February 25, 2026 / 4:16pm",,golf,putt,other,Putter - Spider Tour Silver Dbl Bend,/img/metric-thumbs/thumb-golf-other-putt.png,,0,0.57,0.27,0.85,2.1,2.1,4.8,1.7,1.9,1.2,0.7,-1.0
138,ac057284-56df-40b7-a944-2a878e68831e,529228,"February 25, 2026 / 4:15pm",,golf,putt,other,Putter - Spider Tour Silver Dbl Bend,/img/metric-thumbs/thumb-golf-other-putt.png,,0,0.60,0.30,0.90,2.0,2.1,5.2,1.1,2.5,2.1,0.4,-1.2
139,3ea9fbdd-6cdb-4596-832f-c277e2e08c8d,529228,"February 25, 2026 / 4:15pm",,golf,putt,other,Putter - Spider Tour Silver Dbl Bend,/img/metric-thumbs/thumb-golf-other-putt.png,,0,0.62,0.29,0.91,2.1,2.3,6.0,1.3,3.3,2.3,1.0,-0.7
140,76c50898-05d3-4344-b5e5-07428587566f,529228,"February 25, 2026 / 4:15pm",,golf,putt,other,Putter - Spider Tour Silver Dbl Bend,/img/metric-thumbs/thumb-golf-other-putt.png,,0,0.57,0.29,0.86,2.0,2.3,5.5,2.0,2.2,1.5,0.7,-1.0
141,357b3d76-85e8-436e-97e3-4287f54413e2,529228,"February 25, 2026 / 4:14pm",,golf,putt,other,Putter - Spider Tour Silver Dbl Bend,/img/metric-thumbs/thumb-golf-other-putt.png,,0,0.61,0.29,0.91,2.1,2.1,5.0,1.2,2.1,1.3,0.8,-1.0
142,37b71f41-81cb-4050-9f82-e7f4f80a7f88,529228,"February 25, 2026 / 4:14pm",,golf,putt,other,Putter - Spider Tour Silver Dbl Bend,/img/metric-thumbs/thumb-golf-other-putt.png,,0,0.55,0.29,0.84,1.9,2.2,5.4,1.6,2.4,2.1,0.3,-0.9
143,51770937-328c-42c6-98b6-fac3f0b37473,529228,"February 25, 2026 / 4:14pm",,golf,putt,other,Putter - Spider Tour Silver Dbl Bend,/img/metric-thumbs/thumb-golf-other-putt.png,,0,0.59,0.30,0.88,2.0,2.3,6.0,1.8,2.3,1.7,0.6,-0.7
144,a7b91a89-9433-42f2-86a9-698c587379d1,529228,"February 25, 2026 / 4:14pm",,golf,putt,other,Putter - Spider Tour Silver Dbl Bend,/img/metric-thumbs/thumb-golf-other-putt.png,,0,0.60,0.30,0.90,2.0,2.1,5.5,1.7,2.7,1.6,1.1,-0.7
145,d9d3a9a9-679e-478a-95c7-13c4a748459a,529228,"February 25, 2026 / 4:13pm",,golf,putt,other,Putter - Spider Tour Silver Dbl Bend,/img/metric-thumbs/thumb-golf-other-putt.png,,0,0.58,0.29,0.87,2.0,2.1,4.7,1.3,2.0,1.7,0.3,-1.1
146,1d32dfdd-acd3-4437-aa25-f63a0319e48f,529228,"February 25, 2026 / 4:13pm",,golf,putt,other,Putter - Spider Tour Silver Dbl Bend,/img/metric-thumbs/thumb-golf-other-putt.png,,0,0.61,0.30,0.91,2.0,2.2,6.0,1.1,2.8,3.2,-0.3,-1.1
147,4a83f954-6549-4f3c-8ea8-d3af7f35bc6d,529228,"February 25, 2026 / 4:13pm",,golf,putt,other,Putter - Spider Tour Silver Dbl Bend,/img/metric-thumbs/thumb-golf-other-putt.png,,0,0.62,0.30,0.91,2.1,2.2,5.5,1.3,2.5,2.7,-0.2,-0.6
148,e0e821a2-b4f0-415e-a5e5-b4a02edf7b7a,529228,"February 25, 2026 / 4:12pm",,golf,putt,other,Putter - Spider Tour Silver Dbl Bend,/img/metric-thumbs/thumb-golf-other-putt.png,,0,0.58,0.27,0.85,2.1,2.1,4.7,1.2,2.0,2.2,-0.1,-1.0
149,285de883-f3a0-45ce-95c2-940c59de4f48,529228,"February 25, 2026 / 4:12pm",,golf,putt,other,Putter - Spider Tour Silver Dbl Bend,/img/metric-thumbs/thumb-golf-other-putt.png,,0,0.59,0.29,0.88,2.0,2.2,5.6,1.4,3.3,3.1,0.2,-1.2
150,f12167d9-8f4a-41f5-bee6-5c274193115d,529228,"February 25, 2026 / 11:49am",,golf,putt,other,Putter - Spider Tour Silver Dbl Bend,/img/metric-thumbs/thumb-golf-other-putt.png,,0,0.54,0.27,0.81,2.0,2.2,4.5,1.7,1.6,0.9,0.6,-1.3
151,e67e04b3-d9ab-4c6f-b7b6-81d8cbb17aab,529228,"February 25, 2026 / 11:49am",,golf,putt,other,Putter - Spider Tour Silver Dbl Bend,/img/metric-thumbs/thumb-golf-other-putt.png,,0,0.66,0.30,0.96,2.2,2.2,4.9,1.0,1.9,1.6,0.3,-1.1
152,64a13af4-cdc0-478a-878d-6825ea9113da,529228,"February 25, 2026 / 11:48am",,golf,putt,other,Putter - Spider Tour Silver Dbl Bend,/img/metric-thumbs/thumb-golf-other-putt.png,,0,0.68,0.32,1.00,2.1,2.3,5.5,1.2,2.1,2.0,0.1,-1.0
153,c456e07b-c044-4fd3-8c5b-e666131db3ad,529228,"February 25, 2026 / 11:48am",,golf,putt,other,Putter - Spider Tour Silver Dbl Bend,/img/metric-thumbs/thumb-golf-other-putt.png,,0,0.65,0.29,0.94,2.3,2.1,5.0,1.0,2.4,2.0,0.4,-0.7
154,3873ec43-821b-4519-93fa-ac292f21845f,529228,"February 25, 2026 / 11:48am",,golf,putt,other,Putter - Spider Tour Silver Dbl Bend,/img/metric-thumbs/thumb-golf-other-putt.png,,0,0.58,0.27,0.85,2.1,2.1,4.7,0.8,2.4,1.8,0.6,-1.0
155,91006dce-3a4b-4034-8fbe-543dbbb45fba,529228,"February 25, 2026 / 11:47am",,golf,putt,other,Putter - Spider Tour Silver Dbl Bend,/img/metric-thumbs/thumb-golf-other-putt.png,,0,0.55,0.27,0.82,2.0,2.4,6.1,0.9,3.1,2.7,0.4,-1.0
156,fe5e3502-906f-4301-841e-619eed28d1ae,529228,"February 25, 2026 / 11:47am",,golf,putt,other,Putter - Spider Tour Silver Dbl Bend,/img/metric-thumbs/thumb-golf-other-putt.png,,0,0.57,0.29,0.86,2.0,2.3,6.0,0.8,2.6,2.7,-0.1,-0.9
157,467f3981-dc42-4972-9ae9-f6ca17047892,529228,"February 25, 2026 / 11:47am",,golf,putt,other,Putter - Spider Tour Silver Dbl Bend,/img/metric-thumbs/thumb-golf-other-putt.png,,0,0.53,0.28,0.81,1.9,2.4,5.6,0.5,2.7,2.8,-0.2,-0.9
158,24820f44-9374-4b77-b29e-f43350ddaf8d,529228,"February 25, 2026 / 11:47am",,golf,putt,other,Putter - Spider Tour Silver Dbl Bend,/img/metric-thumbs/thumb-golf-other-putt.png,,0,0.52,0.27,0.79,1.9,2.2,4.8,0.7,1.7,2.1,-0.4,-0.7
159,0747f143-4897-4faa-99e0-971d50f2c6e9,529228,"February 25, 2026 / 11:46am",,golf,putt,other,Putter - Spider Tour Silver Dbl Bend,/img/metric-thumbs/thumb-golf-other-putt.png,,0,0.71,0.30,1.01,2.4,2.3,6.2,1.1,2.8,2.7,0.1,-1.0
160,b3db743f-c8bd-4120-bb45-673489ed4203,529228,"February 25, 2026 / 11:46am",,golf,putt,other,Putter - Spider Tour Silver Dbl Bend,/img/metric-thumbs/thumb-golf-other-putt.png,,0,0.62,0.28,0.90,2.2,2.4,6.4,0.7,3.5,3.5,0.0,-1.0
161,e02a82f6-91c2-4388-be30-4b2944f475b7,529228,"February 25, 2026 / 11:45am",,golf,putt,other,Putter - Spider Tour Silver Dbl Bend,/img/metric-thumbs/thumb-golf-other-putt.png,,0,0.60,0.31,0.91,1.9,2.4,6.1,1.4,2.4,2.4,0.0,-1.0
162,09c1829e-1b38-430f-a067-6236a98605be,529228,"February 25, 2026 / 11:45am",,golf,putt,other,Putter - Spider Tour Silver Dbl Bend,/img/metric-thumbs/thumb-golf-other-putt.png,,0,0.61,0.28,0.89,2.1,2.3,5.2,1.2,2.4,1.9,0.5,-0.5
163,0927e5b2-90d5-4a3d-89d5-b52b317834a1,529228,"February 25, 2026 / 11:45am",,golf,putt,other,Putter - Spider Tour Silver Dbl Bend,/img/metric-thumbs/thumb-golf-other-putt.png,,0,0.58,0.29,0.87,2.0,2.3,5.6,1.2,1.7,1.6,0.1,-0.4
164,6f595c6d-bd68-4c37-a486-035a39d62f8c,529228,"February 25, 2026 / 11:45am",,golf,putt,other,Putter - Spider Tour Silver Dbl Bend,/img/metric-thumbs/thumb-golf-other-putt.png,,0,0.55,0.30,0.86,1.8,2.4,6.6,1.2,2.6,2.1,0.4,-1.3
165,c14ccfbf-485a-4d3b-8b17-3190a0419f7a,529228,"February 25, 2026 / 11:44am",,golf,putt,other,Putter - Spider Tour Silver Dbl Bend,/img/metric-thumbs/thumb-golf-other-putt.png,,0,0.58,0.31,0.89,1.9,2.5,6.9,1.2,2.6,2.9,-0.3,-1.1
166,67fd0751-0c96-43a4-a1d4-7e81522a1ef8,529228,"February 25, 2026 / 11:44am",,golf,putt,other,Putter - Spider Tour Silver Dbl Bend,/img/metric-thumbs/thumb-golf-other-putt.png,,0,0.59,0.30,0.89,1.9,2.4,6.0,0.5,2.0,2.8,-0.9,-0.7
167,f4c4f7d8-54d0-459b-a075-9d270cbff489,529228,"February 25, 2026 / 11:43am",,golf,putt,other,Putter - Spider Tour Silver Dbl Bend,/img/metric-thumbs/thumb-golf-other-putt.png,,0,0.61,0.31,0.93,2.0,2.4,6.3,1.1,2.5,3.3,-0.7,-1.0
168,865d3b85-41b9-4bda-b5da-95deab72d689,529228,"February 25, 2026 / 11:43am",,golf,putt,other,Putter - Spider Tour Silver Dbl Bend,/img/metric-thumbs/thumb-golf-other-putt.png,,0,0.54,0.31,0.84,1.8,2.5,6.7,0.9,3.0,3.4,-0.4,-1.0
169,d6d0014a-d21b-45b2-bd3b-7805a5b83906,529228,"February 25, 2026 / 11:43am",,golf,putt,other,Putter - Spider Tour Silver Dbl Bend,/img/metric-thumbs/thumb-golf-other-putt.png,,0,0.59,0.31,0.90,1.9,2.4,6.7,1.2,3.2,3.2,0.0,-0.7
170,7bb9768c-758d-44ce-9a8f-3cc5531d5133,529228,"February 25, 2026 / 11:42am",,golf,putt,other,Putter - Spider Tour Silver Dbl Bend,/img/metric-thumbs/thumb-golf-other-putt.png,,0,0.61,0.34,0.95,1.8,2.3,6.7,1.7,2.5,2.1,0.3,-1.0
171,9b114abc-6927-4c48-8368-841d5b0e2a20,529228,"February 25, 2026 / 11:42am",,golf,putt,other,Putter - Spider Tour Silver Dbl Bend,/img/metric-thumbs/thumb-golf-other-putt.png,,0,0.52,0.29,0.81,1.8,2.4,6.5,1.2,3.5,3.6,0.0,-1.4
172,f765daec-36f3-423d-89ab-82459fbf86e4,529228,"February 25, 2026 / 11:42am",,golf,putt,other,Putter - Spider Tour Silver Dbl Bend,/img/metric-thumbs/thumb-golf-other-putt.png,,0,0.54,0.30,0.83,1.8,2.4,6.3,1.2,2.6,2.2,0.4,-1.0
173,f88d7bd5-7561-4f9c-9ecf-3508082ecc29,529228,"February 25, 2026 / 11:41am",,golf,putt,other,Putter - Spider Tour Silver Dbl Bend,/img/metric-thumbs/thumb-golf-other-putt.png,,0,0.60,0.32,0.92,1.9,2.1,6.1,1.4,3.2,2.8,0.3,-0.9
174,49a870a2-6c4e-402c-b9b0-a97a4d882be7,529228,"February 25, 2026 / 11:41am",,golf,putt,other,Putter - Spider Tour Silver Dbl Bend,/img/metric-thumbs/thumb-golf-other-putt.png,,0,0.63,0.32,0.95,2.0,2.2,6.3,1.3,3.1,2.0,1.1,-1.3
175,52696211-ee86-426a-9396-9adbe60801d3,529228,"February 25, 2026 / 7:57am",,golf,putt,other,Putter - Spider Tour Silver Dbl Bend,/img/metric-thumbs/thumb-golf-other-putt.png,,0,0.58,0.30,0.88,1.9,2.4,6.5,0.6,3.0,2.3,0.7,-0.2
176,e7b1257c-a308-40d3-9be6-ec144aa4bb5b,529228,"February 25, 2026 / 7:57am",,golf,putt,other,Putter - Spider Tour Silver Dbl Bend,/img/metric-thumbs/thumb-golf-other-putt.png,,0,0.54,0.29,0.84,1.9,2.5,6.4,0.2,3.4,3.7,-0.2,-0.3
177,53ddd508-6664-4791-933d-319840506bf5,529228,"February 25, 2026 / 7:57am",,golf,putt,other,Putter - Spider Tour Silver Dbl Bend,/img/metric-thumbs/thumb-golf-other-putt.png,,0,0.60,0.33,0.93,1.9,2.5,7.2,0.7,3.1,2.2,0.9,-0.2
178,98f7aef3-1959-454b-b7af-8f1fb6b8ce37,529228,"February 25, 2026 / 7:56am",,golf,putt,other,Putter - Spider Tour Silver Dbl Bend,/img/metric-thumbs/thumb-golf-other-putt.png,,0,0.62,0.30,0.93,2.1,2.4,6.9,0.8,3.2,2.4,0.9,-0.1
179,43450256-6dbe-4d5d-9b07-0fdf4e83c3d2,529228,"February 25, 2026 / 7:56am",,golf,putt,other,Putter - Spider Tour Silver Dbl Bend,/img/metric-thumbs/thumb-golf-other-putt.png,,0,0.51,0.29,0.80,1.8,2.3,6.1,0.7,2.1,1.9,0.2,0.0
180,df24e472-c911-4fe4-b0c5-b1a5ae2acad4,529228,"February 25, 2026 / 7:55am",,golf,putt,other,Putter - Spider Tour Silver Dbl Bend,/img/metric-thumbs/thumb-golf-other-putt.png,,0,0.51,0.28,0.79,1.8,2.5,6.1,0.9,2.9,2.0,0.8,-0.1
181,da9dafaa-e525-4268-b005-c19787b57302,529228,"February 25, 2026 / 7:55am",,golf,putt,other,Putter - Spider Tour Silver Dbl Bend,/img/metric-thumbs/thumb-golf-other-putt.png,,0,0.52,0.29,0.80,1.8,2.6,7.2,0.6,3.9,2.4,1.5,-0.7
182,2cf99652-c0e1-49cb-90a5-d3cbd5601939,529228,"February 25, 2026 / 7:55am",,golf,putt,other,Putter - Spider Tour Silver Dbl Bend,/img/metric-thumbs/thumb-golf-other-putt.png,,0,0.60,0.30,0.89,2.0,2.5,6.8,0.5,3.5,2.5,1.0,-0.4
183,db6b915d-c5a7-4d2a-81e9-56354b8e4421,529228,"February 25, 2026 / 7:54am",,golf,putt,other,Putter - Spider Tour Silver Dbl Bend,/img/metric-thumbs/thumb-golf-other-putt.png,,0,0.50,0.29,0.80,1.7,2.5,7.5,0.7,4.6,2.7,1.9,-0.3
184,eb32dcc5-41e0-4f28-88c8-6f904acd83e3,529228,"February 25, 2026 / 7:54am",,golf,putt,other,Putter - Spider Tour Silver Dbl Bend,/img/metric-thumbs/thumb-golf-other-putt.png,,0,0.60,0.29,0.90,2.0,2.7,7.1,0.8,3.9,2.1,1.8,-0.6
185,65ac522e-5d19-4743-a256-1e813f1faf8b,529228,"February 25, 2026 / 7:53am",,golf,putt,other,Putter - Spider Tour Silver Dbl Bend,/img/metric-thumbs/thumb-golf-other-putt.png,,0,0.60,0.29,0.89,2.0,2.3,6.6,0.6,2.8,2.2,0.6,-0.1
186,9ad73a04-1bf5-4752-98b4-59ffc76089fa,529228,"February 25, 2026 / 7:53am",,golf,putt,other,Putter - Spider Tour Silver Dbl Bend,/img/metric-thumbs/thumb-golf-other-putt.png,,0,0.57,0.28,0.85,2.0,2.4,6.3,0.5,3.0,2.2,0.8,-0.5
187,acaa4a6e-a80a-4ed9-af3e-ad4c562870c1,529228,"February 25, 2026 / 7:53am",,golf,putt,other,Putter - Spider Tour Silver Dbl Bend,/img/metric-thumbs/thumb-golf-other-putt.png,,0,0.56,0.29,0.85,1.9,2.4,6.5,0.1,3.4,2.5,0.9,-0.4
188,ccc64733-a070-44b6-abb9-61583f8166ca,529228,"February 25, 2026 / 7:52am",,golf,putt,other,Putter - Spider Tour Silver Dbl Bend,/img/metric-thumbs/thumb-golf-other-putt.png,,0,0.55,0.29,0.84,1.9,2.5,6.8,0.6,4.4,3.1,1.3,-0.2
189,16272458-2663-459f-b1e1-04dfecfdaf4e,529228,"February 25, 2026 / 7:52am",,golf,putt,other,Putter - Spider Tour Silver Dbl Bend,/img/metric-thumbs/thumb-golf-other-putt.png,,0,0.65,0.30,0.95,2.2,2.6,6.9,0.2,4.0,2.5,1.4,-0.2
190,0e0ca607-23a7-480f-87eb-1031756f708d,529228,"February 25, 2026 / 7:51am",,golf,putt,other,Putter - Spider Tour Silver Dbl Bend,/img/metric-thumbs/thumb-golf-other-putt.png,,0,0.52,0.29,0.81,1.8,2.6,6.7,1.3,3.4,3.2,0.1,-0.9
191,08677177-4ad6-4f99-a828-a083d945f0f2,529228,"February 25, 2026 / 7:51am",,golf,putt,other,Putter - Spider Tour Silver Dbl Bend,/img/metric-thumbs/thumb-golf-other-putt.png,,0,0.59,0.30,0.89,2.0,2.5,6.9,0.7,3.5,3.0,0.5,-0.8
192,a5d1885b-bb1d-4059-8b33-9f93d1959439,529228,"February 25, 2026 / 7:50am",,golf,putt,other,Putter - Spider Tour Silver Dbl Bend,/img/metric-thumbs/thumb-golf-other-putt.png,,0,0.53,0.30,0.83,1.8,2.5,6.7,0.8,4.0,3.7,0.4,-0.8
193,cd844584-c1a1-4274-91b6-201c4396b578,529228,"February 25, 2026 / 7:50am",,golf,putt,other,Putter - Spider Tour Silver Dbl Bend,/img/metric-thumbs/thumb-golf-other-putt.png,,0,0.59,0.30,0.89,2.0,2.6,7.5,0.9,4.0,3.5,0.5,-1.2
194,935e018d-5021-4e8a-be3e-346b8dee73a5,529228,"February 25, 2026 / 7:50am",,golf,putt,other,Putter - Spider Tour Silver Dbl Bend,/img/metric-thumbs/thumb-golf-other-putt.png,,0,0.63,0.30,0.94,2.1,2.4,6.5,1.4,3.3,2.3,1.0,-0.9
195,20f5fc43-7ebc-4ae4-8468-2ceeb6e7930e,529228,"February 25, 2026 / 7:49am",,golf,putt,other,Putter - Spider Tour Silver Dbl Bend,/img/metric-thumbs/thumb-golf-other-putt.png,,0,0.54,0.30,0.84,1.8,2.6,6.8,0.9,3.9,3.4,0.5,-1.1
196,02e79f0d-c04c-4f1d-985b-464fbca93610,529228,"February 25, 2026 / 7:49am",,golf,putt,other,Putter - Spider Tour Silver Dbl Bend,/img/metric-thumbs/thumb-golf-other-putt.png,,0,0.56,0.28,0.84,2.0,2.6,6.5,1.0,3.6,2.6,1.0,-1.1
197,edb9df85-b763-434e-ac40-baf5c9dfb93a,529228,"February 25, 2026 / 7:49am",,golf,putt,other,Putter - Spider Tour Silver Dbl Bend,/img/metric-thumbs/thumb-golf-other-putt.png,,0,0.64,0.32,0.96,2.0,2.5,6.9,0.8,3.8,2.8,1.0,-1.2
198,f69a31ee-6f88-4f1f-b65f-4cb81fc3e6e0,529228,"February 25, 2026 / 7:48am",,golf,putt,other,Putter - Spider Tour Silver Dbl Bend,/img/metric-thumbs/thumb-golf-other-putt.png,,0,0.69,0.33,1.03,2.1,2.4,6.5,1.2,3.4,2.0,1.4,-1.2
199,4a5b4e1a-8b9a-4424-b560-55ac8a4674d1,529228,"February 25, 2026 / 7:48am",,golf,putt,other,Putter - Spider Tour Silver Dbl Bend,/img/metric-thumbs/thumb-golf-other-putt.png,,0,0.68,0.32,0.99,2.1,2.4,6.0,1.3,2.6,2.7,-0.1,-0.8
200,aff162a7-4339-43a6-a588-5f00c978538f,529228,"February 24, 2026 / 10:02pm",,golf,putt,other,Putter - Spider Tour Silver Dbl Bend,/img/metric-thumbs/thumb-golf-other-putt.png,,0,0.59,0.34,0.94,1.7,2.3,6.9,0.4,3.6,2.4,1.2,-1.2
201,9e939320-96ed-4eed-81fb-b90c17a44ce7,529228,"February 24, 2026 / 10:02pm",,golf,putt,other,Putter - Spider Tour Silver Dbl Bend,/img/metric-thumbs/thumb-golf-other-putt.png,,0,0.67,0.37,1.05,1.8,2.4,7.7,0.8,3.6,2.6,0.9,-0.9
202,ce424be2-effb-492c-bdd0-40a1e24a4fad,529228,"February 24, 2026 / 10:02pm",,golf,putt,other,Putter - Spider Tour Silver Dbl Bend,/img/metric-thumbs/thumb-golf-other-putt.png,,0,0.65,0.42,1.07,1.6,2.3,8.0,1.0,3.5,2.1,1.3,-1.2
203,49a4679f-fc77-49a3-9173-4fec4282ced3,529228,"February 24, 2026 / 10:01pm",,golf,putt,other,Putter - Spider Tour Silver Dbl Bend,/img/metric-thumbs/thumb-golf-other-putt.png,,0,0.69,0.35,1.04,2.0,2.4,7.3,0.7,3.5,3.0,0.5,-1.7
204,e3cf6fdb-fb96-4b4c-9cf4-1589783eb3fe,529228,"February 24, 2026 / 10:01pm",,golf,putt,other,Putter - Spider Tour Silver Dbl Bend,/img/metric-thumbs/thumb-golf-other-putt.png,,0,0.63,0.35,0.98,1.8,2.3,7.0,0.9,3.4,2.4,1.1,-1.4
205,1ccc80d9-28dd-4017-9934-b95b25b54eae,529228,"February 24, 2026 / 10:01pm",,golf,putt,other,Putter - Spider Tour Silver Dbl Bend,/img/metric-thumbs/thumb-golf-other-putt.png,,0,0.63,0.36,1.00,1.7,2.3,7.6,0.3,3.8,3.2,0.6,-2.1
206,6821a932-ac88-4f16-91e2-6019bb8a3c73,529228,"February 24, 2026 / 10:01pm",,golf,putt,other,Putter - Spider Tour Silver Dbl Bend,/img/metric-thumbs/thumb-golf-other-putt.png,,0,0.68,0.38,1.06,1.8,2.2,7.7,0.7,3.5,3.2,0.4,-1.6
207,bed9b136-7c75-4027-b317-af51075c79ee,529228,"February 24, 2026 / 10:00pm",,golf,putt,other,Putter - Spider Tour Silver Dbl Bend,/img/metric-thumbs/thumb-golf-other-putt.png,,0,0.59,0.34,0.92,1.8,2.3,7.1,1.1,3.3,3.0,0.3,-1.1
208,8e9443cb-6ec6-42d8-b9e2-619f0faa851b,529228,"February 24, 2026 / 10:00pm",,golf,putt,other,Putter - Spider Tour Silver Dbl Bend,/img/metric-thumbs/thumb-golf-other-putt.png,,0,0.68,0.37,1.05,1.8,2.3,7.2,0.8,3.2,2.7,0.5,-1.1
209,19d3bc1e-8c0e-4a37-85ad-79202da1a028,529228,"February 24, 2026 / 10:00pm",,golf,putt,other,Putter - Spider Tour Silver Dbl Bend,/img/metric-thumbs/thumb-golf-other-putt.png,,0,0.65,0.37,1.02,1.8,2.4,7.1,1.0,3.2,2.8,0.4,-1.0
210,65a40918-1ec5-4492-9c22-f098a14e3b41,529228,"February 24, 2026 / 9:55pm",,golf,putt,other,Putter - Spider Tour Silver Dbl Bend,/img/metric-thumbs/thumb-golf-other-putt.png,,0,0.60,0.32,0.92,1.9,2.2,7.1,0.2,3.5,2.8,0.8,-0.9
211,50e56d3c-021f-4933-a51e-7a8575c88cdf,529228,"February 24, 2026 / 9:55pm",,golf,putt,other,Putter - Spider Tour Silver Dbl Bend,/img/metric-thumbs/thumb-golf-other-putt.png,,0,0.60,0.33,0.92,1.8,2.3,8.3,0.4,3.9,3.6,0.4,-0.7
212,de9574d0-1e21-4d9b-8e19-9104ee8f5a42,529228,"February 24, 2026 / 9:55pm",,golf,putt,other,Putter - Spider Tour Silver Dbl Bend,/img/metric-thumbs/thumb-golf-other-putt.png,,0,0.65,0.34,0.99,1.9,2.2,8.6,0.1,5.0,4.2,0.8,-1.1
213,0b23fae6-2c91-4964-a67f-36a3035380d0,529228,"February 24, 2026 / 9:55pm",,golf,putt,other,Putter - Spider Tour Silver Dbl Bend,/img/metric-thumbs/thumb-golf-other-putt.png,,0,0.57,0.29,0.86,1.9,2.3,6.7,0.2,2.7,2.7,0.1,-1.1
214,2adcfefd-7bc6-490f-971c-a66a28c10895,529228,"February 24, 2026 / 9:54pm",,golf,putt,other,Putter - Spider Tour Silver Dbl Bend,/img/metric-thumbs/thumb-golf-other-putt.png,,0,0.65,0.32,0.96,2.1,2.1,6.5,0.3,2.8,2.4,0.4,-1.1
215,c4cf6a5e-617e-44b3-b9cb-18c2d3d27a94,529228,"February 24, 2026 / 9:54pm",,golf,putt,other,Putter - Spider Tour Silver Dbl Bend,/img/metric-thumbs/thumb-golf-other-putt.png,,0,0.63,0.34,0.97,1.8,2.4,8.1,-0.2,3.5,3.8,-0.3,-0.8
216,c82f2040-3b08-42dd-b835-25b17752b0f0,529228,"February 24, 2026 / 9:54pm",,golf,putt,other,Putter - Spider Tour Silver Dbl Bend,/img/metric-thumbs/thumb-golf-other-putt.png,,0,0.66,0.31,0.97,2.2,2.4,7.8,-0.1,3.0,3.7,-0.7,-0.7
217,81ea3f0d-8fcb-4444-8ac4-c55c77cbea3a,529228,"February 24, 2026 / 9:54pm",,golf,putt,other,Putter - Spider Tour Silver Dbl Bend,/img/metric-thumbs/thumb-golf-other-putt.png,,0,0.66,0.33,0.99,2.0,2.4,7.9,-0.1,4.1,4.2,-0.1,-0.7
218,a1751f95-2bd1-402c-ba90-fec9b47938b1,529228,"February 24, 2026 / 9:53pm",,golf,putt,other,Putter - Spider Tour Silver Dbl Bend,/img/metric-thumbs/thumb-golf-other-putt.png,,0,0.59,0.35,0.93,1.7,2.5,7.5,0.1,3.7,4.1,-0.4,-1.2
219,571ef129-33b7-491c-8acf-b6c9f1ab3e04,529228,"February 24, 2026 / 9:53pm",,golf,putt,other,Putter - Spider Tour Silver Dbl Bend,/img/metric-thumbs/thumb-golf-other-putt.png,,0,0.57,0.34,0.91,1.7,2.5,7.4,0.1,4.1,4.6,-0.6,-1.0
220,71ba6197-626c-4047-a8db-198ae46a68bb,529228,"February 24, 2026 / 9:51pm",,golf,putt,other,Putter - Spider Tour Silver Dbl Bend,/img/metric-thumbs/thumb-golf-other-putt.png,,0,0.71,0.41,1.11,1.7,2.3,7.8,0.5,4.0,4.1,-0.1,0.4
221,ee7ba86c-be32-40a6-9b00-e10f5b04e468,529228,"February 24, 2026 / 9:51pm",,golf,putt,other,Putter - Spider Tour Silver Dbl Bend,/img/metric-thumbs/thumb-golf-other-putt.png,,0,0.72,0.38,1.10,1.9,2.4,7.1,0.9,2.9,2.5,0.4,-0.4
222,b1b11d12-c048-4a2e-a786-661fa945edbf,529228,"February 24, 2026 / 9:51pm",,golf,putt,other,Putter - Spider Tour Silver Dbl Bend,/img/metric-thumbs/thumb-golf-other-putt.png,,0,0.71,0.39,1.10,1.8,2.5,8.3,1.3,3.7,2.9,0.8,-0.1
223,7135d1a9-c05e-4738-991b-cd38ff932419,529228,"February 24, 2026 / 9:51pm",,golf,putt,other,Putter - Spider Tour Silver Dbl Bend,/img/metric-thumbs/thumb-golf-other-putt.png,,0,0.72,0.38,1.10,1.9,2.4,7.4,0.7,3.7,3.8,-0.1,0.7
224,acd82bdf-1101-4f0f-a9eb-478e0aa6044f,529228,"February 24, 2026 / 9:50pm",,golf,putt,other,Putter - Spider Tour Silver Dbl Bend,/img/metric-thumbs/thumb-golf-other-putt.png,,0,0.72,0.42,1.14,1.7,2.4,8.4,0.9,3.9,4.1,-0.2,-1.2
225,9984cfcf-8ef5-45a5-ae96-9245f7dd778f,529228,"February 24, 2026 / 9:50pm",,golf,putt,other,Putter - Spider Tour Silver Dbl Bend,/img/metric-thumbs/thumb-golf-other-putt.png,,0,0.70,0.48,1.18,1.4,0.8,6.0,0.5,3.7,4.6,-0.9,-0.7
226,056d3ae1-2535-4712-b7df-d06605cb91db,529228,"February 24, 2026 / 9:49pm",,golf,putt,other,Putter - Spider Tour Silver Dbl Bend,/img/metric-thumbs/thumb-golf-other-putt.png,,0,0.78,0.41,1.19,1.9,2.3,7.7,0.7,3.8,3.6,0.3,-1.3
227,ad6eabb2-1ec0-4b7d-a5b4-6569131086e1,529228,"February 24, 2026 / 9:49pm",,golf,putt,other,Putter - Spider Tour Silver Dbl Bend,/img/metric-thumbs/thumb-golf-other-putt.png,,0,0.74,0.41,1.14,1.8,2.7,8.6,0.8,4.3,4.3,0.0,-0.2
228,b3a71edf-25b7-4843-a155-eb9cc94e9e73,529228,"February 24, 2026 / 9:49pm",,golf,putt,other,Putter - Spider Tour Silver Dbl Bend,/img/metric-thumbs/thumb-golf-other-putt.png,,0,0.73,0.39,1.12,1.8,2.4,8.2,1.5,4.7,3.9,0.8,0.1
229,00a8c6ae-d2b6-4dd4-9c54-f5a746e288ad,529228,"February 24, 2026 / 9:49pm",,golf,putt,other,Putter - Spider Tour Silver Dbl Bend,/img/metric-thumbs/thumb-golf-other-putt.png,,0,0.78,0.43,1.21,1.8,2.4,8.5,1.5,5.1,3.5,1.5,-1.0
230,5629f24d-d191-433a-b5bc-803449bf7331,529228,"February 24, 2026 / 4:43pm",,golf,putt,other,Putter - Spider Tour Silver Dbl Bend,/img/metric-thumbs/thumb-golf-other-putt.png,,0,0.60,0.31,0.91,1.9,2.6,6.5,1.9,2.9,1.5,1.4,-1.3
231,ffc9d811-6fbb-40f6-b009-e5a4db8f5e50,529228,"February 24, 2026 / 4:43pm",,golf,putt,other,Putter - Spider Tour Silver Dbl Bend,/img/metric-thumbs/thumb-golf-other-putt.png,,0,0.57,0.34,0.91,1.7,2.2,6.6,1.9,3.2,1.9,1.2,-1.4
232,e19fb27e-c7cc-428f-981f-d8c17492b08d,529228,"February 24, 2026 / 4:43pm",,golf,putt,other,Putter - Spider Tour Silver Dbl Bend,/img/metric-thumbs/thumb-golf-other-putt.png,,0,0.60,0.34,0.93,1.8,2.3,6.9,0.8,3.4,2.3,1.0,-1.3
233,34d436a8-4f7b-48a4-a25c-f7c4e10b46ef,529228,"February 24, 2026 / 4:42pm",,golf,putt,other,Putter - Spider Tour Silver Dbl Bend,/img/metric-thumbs/thumb-golf-other-putt.png,,0,0.63,0.33,0.96,1.9,2.3,6.4,0.9,3.2,2.3,0.9,-1.4
234,a7a81666-eede-4a58-ab5d-ef5ed55b50a9,529228,"February 24, 2026 / 4:42pm",,golf,putt,other,Putter - Spider Tour Silver Dbl Bend,/img/metric-thumbs/thumb-golf-other-putt.png,,0,0.64,0.33,0.97,1.9,2.5,6.4,1.3,2.8,2.0,0.8,-1.1
235,2016a672-7133-4be2-8572-603944a56fbb,529228,"February 24, 2026 / 4:42pm",,golf,putt,other,Putter - Spider Tour Silver Dbl Bend,/img/metric-thumbs/thumb-golf-other-putt.png,,0,0.64,0.37,1.02,1.7,2.4,7.7,0.7,3.5,3.2,0.4,-1.2
236,c9b2efc0-6734-42a9-a821-d14ce6903053,529228,"February 24, 2026 / 4:42pm",,golf,putt,other,Putter - Spider Tour Silver Dbl Bend,/img/metric-thumbs/thumb-golf-other-putt.png,,0,0.67,0.37,1.04,1.8,2.5,7.6,0.8,3.5,2.4,1.0,-0.4
237,45836137-683c-4871-9727-15ca4ece44dd,529228,"February 24, 2026 / 4:41pm",,golf,putt,other,Putter - Spider Tour Silver Dbl Bend,/img/metric-thumbs/thumb-golf-other-putt.png,,0,0.65,0.36,1.01,1.8,2.3,7.5,1.4,3.7,1.7,2.0,-0.5
238,fa919527-f42c-45d4-be47-bc99b10cd409,529228,"February 24, 2026 / 4:41pm",,golf,putt,other,Putter - Spider Tour Silver Dbl Bend,/img/metric-thumbs/thumb-golf-other-putt.png,,0,0.71,0.38,1.09,1.9,2.2,7.4,0.8,3.3,2.6,0.7,-1.6
239,692bef41-8a94-4c9f-8e34-c42923a23989,529228,"February 24, 2026 / 4:41pm",,golf,putt,other,Putter - Spider Tour Silver Dbl Bend,/img/metric-thumbs/thumb-golf-other-putt.png,,0,0.53,0.29,0.82,1.8,2.1,5.2,0.8,2.7,2.0,0.6,-0.8
240,3682f120-7bfc-4cf8-9fe6-767c111f6713,529228,"February 24, 2026 / 4:41pm",,golf,putt,other,Putter - Spider Tour Silver Dbl Bend,/img/metric-thumbs/thumb-golf-other-putt.png,,0,0.70,0.37,1.07,1.9,2.4,7.9,0.7,3.6,2.9,0.6,-1.0
241,31ac63d6-658b-4f83-9221-e5e17d721553,529228,"February 24, 2026 / 4:40pm",,golf,putt,other,Putter - Spider Tour Silver Dbl Bend,/img/metric-thumbs/thumb-golf-other-putt.png,,0,0.65,0.35,1.00,1.9,2.2,6.6,0.9,3.4,2.3,1.1,-1.5
242,330e08a0-31ba-444d-8e5b-25abed9d2922,529228,"February 24, 2026 / 4:40pm",,golf,putt,other,Putter - Spider Tour Silver Dbl Bend,/img/metric-thumbs/thumb-golf-other-putt.png,,0,0.55,0.30,0.84,1.8,2.2,5.4,1.1,2.4,2.1,0.3,-1.5
243,a74e6714-3852-449c-9227-6fcce8dd915f,529228,"February 24, 2026 / 4:40pm",,golf,putt,other,Putter - Spider Tour Silver Dbl Bend,/img/metric-thumbs/thumb-golf-other-putt.png,,0,0.57,0.33,0.91,1.7,2.2,6.3,0.7,2.8,2.7,0.1,-1.4
244,97337453-157d-4f4e-b88e-df72cdb5f70b,529228,"February 24, 2026 / 4:40pm",,golf,putt,other,Putter - Spider Tour Silver Dbl Bend,/img/metric-thumbs/thumb-golf-other-putt.png,,0,0.69,0.35,1.03,2.0,2.3,6.6,1.3,3.0,2.2,0.8,-1.4
245,7de7a06b-17fb-41f2-82b4-4dbf4f97b01c,529228,"February 24, 2026 / 4:39pm",,golf,putt,other,Putter - Spider Tour Silver Dbl Bend,/img/metric-thumbs/thumb-golf-other-putt.png,,0,0.64,0.33,0.98,1.9,2.2,6.1,0.7,2.8,2.3,0.4,-1.3
246,369bafb3-4200-49bb-b6c7-1f27ecedc7a2,529228,"February 24, 2026 / 4:39pm",,golf,putt,other,Putter - Spider Tour Silver Dbl Bend,/img/metric-thumbs/thumb-golf-other-putt.png,,0,0.65,0.34,0.99,1.9,2.2,6.0,0.9,2.3,1.9,0.4,-1.3
247,29ac6f0d-4641-4d4e-a9bb-fda51aad2b3a,529228,"February 24, 2026 / 4:39pm",,golf,putt,other,Putter - Spider Tour Silver Dbl Bend,/img/metric-thumbs/thumb-golf-other-putt.png,,0,0.63,0.32,0.95,2.0,2.3,6.9,0.3,3.0,2.9,0.1,-1.2
248,4978446c-b82a-4021-94cd-799a9c5de6d0,529228,"February 24, 2026 / 4:38pm",,golf,putt,other,Putter - Spider Tour Silver Dbl Bend,/img/metric-thumbs/thumb-golf-other-putt.png,,0,0.85,0.45,1.30,1.9,2.1,7.3,0.7,3.1,2.9,0.1,-1.4
249,085036a3-eee0-4169-b4dd-1789192ba0bf,529228,"February 24, 2026 / 4:38pm",,golf,putt,other,Putter - Spider Tour Silver Dbl Bend,/img/metric-thumbs/thumb-golf-other-putt.png,,0,0.70,0.39,1.09,1.8,2.3,7.7,1.3,3.5,2.7,0.8,-1.6
250,16deb5ef-db22-4516-a61c-6001ec8f975e,529228,"February 24, 2026 / 4:38pm",,golf,putt,other,Putter - Spider Tour Silver Dbl Bend,/img/metric-thumbs/thumb-golf-other-putt.png,,0,0.71,0.41,1.12,1.7,2.3,7.7,1.1,3.2,3.3,-0.2,-1.4
251,0667da58-a7df-4d28-92e6-7154a0fa02a1,529228,"February 24, 2026 / 4:37pm",,golf,putt,other,Putter - Spider Tour Silver Dbl Bend,/img/metric-thumbs/thumb-golf-other-putt.png,,0,0.72,0.41,1.13,1.8,2.4,8.1,0.9,3.9,3.2,0.7,-1.5
252,ad38b86e-2d2d-4665-b8d1-f1b8284edfa0,529228,"February 24, 2026 / 4:37pm",,golf,putt,other,Putter - Spider Tour Silver Dbl Bend,/img/metric-thumbs/thumb-golf-other-putt.png,,0,0.73,0.41,1.13,1.8,2.2,8.1,1.2,4.1,3.3,0.7,-1.5
253,029f6f22-1e1c-4332-b5fe-e5f5ce84065f,529228,"February 24, 2026 / 4:37pm",,golf,putt,other,Putter - Spider Tour Silver Dbl Bend,/img/metric-thumbs/thumb-golf-other-putt.png,,0,0.75,0.39,1.14,1.9,2.3,7.4,1.5,3.2,2.7,0.5,-1.6
254,92502331-ce0a-4bdc-9277-a6cb2c3f06f4,529228,"February 24, 2026 / 4:36pm",,golf,putt,other,Putter - Spider Tour Silver Dbl Bend,/img/metric-thumbs/thumb-golf-other-putt.png,,0,0.63,0.40,1.03,1.6,2.2,6.5,3.4,2.8,3.1,-0.3,-0.7
